filepath,filename,label
AllLeak\172496_20201112_0330.wav,172496_20201112_0330.wav,Leak
AllLeak\172496_20201112_0345.wav,172496_20201112_0345.wav,Leak
AllLeak\172496_20201112_0400.wav,172496_20201112_0400.wav,Leak
AllLeak\172496_20201112_0415.wav,172496_20201112_0415.wav,Leak
AllLeak\172496_20201112_0430.wav,172496_20201112_0430.wav,Leak
AllLeak\172496_20201113_0330.wav,172496_20201113_0330.wav,Leak
AllLeak\172496_20201113_0345.wav,172496_20201113_0345.wav,Leak
AllLeak\172496_20201113_0400.wav,172496_20201113_0400.wav,Leak
AllLeak\172496_20201113_0415.wav,172496_20201113_0415.wav,Leak
AllLeak\172496_20201113_0430.wav,172496_20201113_0430.wav,Leak
AllLeak\172496_20201114_0330.wav,172496_20201114_0330.wav,Leak
AllLeak\172496_20201114_0345.wav,172496_20201114_0345.wav,Leak
AllLeak\172496_20201114_0400.wav,172496_20201114_0400.wav,Leak
AllLeak\172496_20201114_0415.wav,172496_20201114_0415.wav,Leak
AllLeak\172496_20201114_0430.wav,172496_20201114_0430.wav,Leak
AllLeak\172496_20201115_0330.wav,172496_20201115_0330.wav,Leak
AllLeak\172496_20201115_0345.wav,172496_20201115_0345.wav,Leak
AllLeak\172496_20201115_0400.wav,172496_20201115_0400.wav,Leak
AllLeak\172496_20201115_0415.wav,172496_20201115_0415.wav,Leak
AllLeak\172496_20201115_0430.wav,172496_20201115_0430.wav,Leak
AllLeak\172496_20201121_0330.wav,172496_20201121_0330.wav,Leak
AllLeak\172496_20201121_0345.wav,172496_20201121_0345.wav,Leak
AllLeak\172496_20201121_0400.wav,172496_20201121_0400.wav,Leak
AllLeak\172496_20201121_0415.wav,172496_20201121_0415.wav,Leak
AllLeak\172496_20201122_0330.wav,172496_20201122_0330.wav,Leak
AllLeak\172496_20201122_0345.wav,172496_20201122_0345.wav,Leak
AllLeak\172496_20201122_0400.wav,172496_20201122_0400.wav,Leak
AllLeak\172496_20201122_0415.wav,172496_20201122_0415.wav,Leak
AllLeak\172496_20201123_0330.wav,172496_20201123_0330.wav,Leak
AllLeak\172496_20201123_0345.wav,172496_20201123_0345.wav,Leak
AllLeak\172496_20201123_0400.wav,172496_20201123_0400.wav,Leak
AllLeak\172496_20201123_0415.wav,172496_20201123_0415.wav,Leak
AllLeak\172496_20201124_0330.wav,172496_20201124_0330.wav,Leak
AllLeak\172496_20201124_0345.wav,172496_20201124_0345.wav,Leak
AllLeak\172496_20201124_0400.wav,172496_20201124_0400.wav,Leak
AllLeak\172496_20201124_0415.wav,172496_20201124_0415.wav,Leak
AllLeak\172496_20201203_0330.wav,172496_20201203_0330.wav,Leak
AllLeak\172496_20201203_0345.wav,172496_20201203_0345.wav,Leak
AllLeak\172496_20201203_0400.wav,172496_20201203_0400.wav,Leak
AllLeak\172496_20201203_0415.wav,172496_20201203_0415.wav,Leak
AllLeak\172496_20201204_0330.wav,172496_20201204_0330.wav,Leak
AllLeak\172496_20201204_0345.wav,172496_20201204_0345.wav,Leak
AllLeak\172496_20201204_0400.wav,172496_20201204_0400.wav,Leak
AllLeak\172496_20201204_0415.wav,172496_20201204_0415.wav,Leak
AllLeak\172496_20201205_0330.wav,172496_20201205_0330.wav,Leak
AllLeak\172496_20201205_0345.wav,172496_20201205_0345.wav,Leak
AllLeak\172496_20201205_0400.wav,172496_20201205_0400.wav,Leak
AllLeak\172496_20201205_0415.wav,172496_20201205_0415.wav,Leak
AllLeak\172496_20201206_0330.wav,172496_20201206_0330.wav,Leak
AllLeak\172496_20201206_0345.wav,172496_20201206_0345.wav,Leak
AllLeak\172496_20201206_0400.wav,172496_20201206_0400.wav,Leak
AllLeak\172496_20201206_0415.wav,172496_20201206_0415.wav,Leak
AllLeak\172496_20201207_0330.wav,172496_20201207_0330.wav,Leak
AllLeak\172496_20201207_0345.wav,172496_20201207_0345.wav,Leak
AllLeak\172496_20201207_0400.wav,172496_20201207_0400.wav,Leak
AllLeak\172496_20201207_0415.wav,172496_20201207_0415.wav,Leak
AllLeak\172496_20201224_0330.wav,172496_20201224_0330.wav,Leak
AllLeak\172496_20201224_0345.wav,172496_20201224_0345.wav,Leak
AllLeak\172496_20201224_0400.wav,172496_20201224_0400.wav,Leak
AllLeak\172496_20201224_0415.wav,172496_20201224_0415.wav,Leak
AllLeak\172496_20201225_0330.wav,172496_20201225_0330.wav,Leak
AllLeak\172496_20201225_0345.wav,172496_20201225_0345.wav,Leak
AllLeak\172496_20201225_0400.wav,172496_20201225_0400.wav,Leak
AllLeak\172496_20201225_0415.wav,172496_20201225_0415.wav,Leak
AllLeak\172496_20201226_0330.wav,172496_20201226_0330.wav,Leak
AllLeak\172496_20201226_0345.wav,172496_20201226_0345.wav,Leak
AllLeak\172496_20201226_0400.wav,172496_20201226_0400.wav,Leak
AllLeak\172496_20201226_0415.wav,172496_20201226_0415.wav,Leak
AllLeak\172496_20201227_0330.wav,172496_20201227_0330.wav,Leak
AllLeak\172496_20201227_0345.wav,172496_20201227_0345.wav,Leak
AllLeak\172496_20201227_0400.wav,172496_20201227_0400.wav,Leak
AllLeak\172496_20201227_0415.wav,172496_20201227_0415.wav,Leak
AllLeak\172496_20201228_0330.wav,172496_20201228_0330.wav,Leak
AllLeak\172496_20201228_0345.wav,172496_20201228_0345.wav,Leak
AllLeak\172496_20201228_0400.wav,172496_20201228_0400.wav,Leak
AllLeak\172496_20201228_0415.wav,172496_20201228_0415.wav,Leak
AllLeak\172496_20201231_0330.wav,172496_20201231_0330.wav,Leak
AllLeak\172496_20201231_0345.wav,172496_20201231_0345.wav,Leak
AllLeak\172496_20201231_0400.wav,172496_20201231_0400.wav,Leak
AllLeak\172496_20201231_0415.wav,172496_20201231_0415.wav,Leak
AllLeak\172496_20210101_0330.wav,172496_20210101_0330.wav,Leak
AllLeak\172496_20210101_0345.wav,172496_20210101_0345.wav,Leak
AllLeak\172496_20210101_0400.wav,172496_20210101_0400.wav,Leak
AllLeak\172496_20210101_0415.wav,172496_20210101_0415.wav,Leak
AllLeak\172496_20210102_0330.wav,172496_20210102_0330.wav,Leak
AllLeak\172496_20210102_0345.wav,172496_20210102_0345.wav,Leak
AllLeak\172496_20210102_0400.wav,172496_20210102_0400.wav,Leak
AllLeak\172496_20210102_0415.wav,172496_20210102_0415.wav,Leak
AllLeak\172496_20210103_0330.wav,172496_20210103_0330.wav,Leak
AllLeak\172496_20210103_0345.wav,172496_20210103_0345.wav,Leak
AllLeak\172496_20210103_0400.wav,172496_20210103_0400.wav,Leak
AllLeak\172496_20210103_0415.wav,172496_20210103_0415.wav,Leak
AllLeak\172496_20210104_0330.wav,172496_20210104_0330.wav,Leak
AllLeak\172496_20210104_0345.wav,172496_20210104_0345.wav,Leak
AllLeak\172496_20210104_0400.wav,172496_20210104_0400.wav,Leak
AllLeak\172496_20210104_0415.wav,172496_20210104_0415.wav,Leak
AllLeak\172497_20201020_0330.wav,172497_20201020_0330.wav,Leak
AllLeak\172497_20201020_0345.wav,172497_20201020_0345.wav,Leak
AllLeak\172497_20201020_0400.wav,172497_20201020_0400.wav,Leak
AllLeak\172497_20201020_0415.wav,172497_20201020_0415.wav,Leak
AllLeak\172497_20201021_0330.wav,172497_20201021_0330.wav,Leak
AllLeak\172497_20201021_0345.wav,172497_20201021_0345.wav,Leak
AllLeak\172497_20201021_0400.wav,172497_20201021_0400.wav,Leak
AllLeak\172497_20201021_0415.wav,172497_20201021_0415.wav,Leak
AllLeak\172497_20201022_0330.wav,172497_20201022_0330.wav,Leak
AllLeak\172497_20201022_0345.wav,172497_20201022_0345.wav,Leak
AllLeak\172497_20201022_0400.wav,172497_20201022_0400.wav,Leak
AllLeak\172497_20201022_0415.wav,172497_20201022_0415.wav,Leak
AllLeak\172497_20201121_0330.wav,172497_20201121_0330.wav,Leak
AllLeak\172497_20201121_0345.wav,172497_20201121_0345.wav,Leak
AllLeak\172497_20201121_0400.wav,172497_20201121_0400.wav,Leak
AllLeak\172497_20201121_0415.wav,172497_20201121_0415.wav,Leak
AllLeak\172497_20201122_0330.wav,172497_20201122_0330.wav,Leak
AllLeak\172497_20201122_0345.wav,172497_20201122_0345.wav,Leak
AllLeak\172497_20201122_0400.wav,172497_20201122_0400.wav,Leak
AllLeak\172497_20201122_0415.wav,172497_20201122_0415.wav,Leak
AllLeak\172497_20201123_0330.wav,172497_20201123_0330.wav,Leak
AllLeak\172497_20201123_0345.wav,172497_20201123_0345.wav,Leak
AllLeak\172497_20201123_0400.wav,172497_20201123_0400.wav,Leak
AllLeak\172497_20201123_0415.wav,172497_20201123_0415.wav,Leak
AllLeak\172497_20201124_0330.wav,172497_20201124_0330.wav,Leak
AllLeak\172497_20201124_0345.wav,172497_20201124_0345.wav,Leak
AllLeak\172497_20201124_0400.wav,172497_20201124_0400.wav,Leak
AllLeak\172497_20201124_0415.wav,172497_20201124_0415.wav,Leak
AllLeak\172498_20201020_0330.wav,172498_20201020_0330.wav,Leak
AllLeak\172498_20201020_0345.wav,172498_20201020_0345.wav,Leak
AllLeak\172498_20201020_0400.wav,172498_20201020_0400.wav,Leak
AllLeak\172498_20201020_0415.wav,172498_20201020_0415.wav,Leak
AllLeak\172498_20201021_0330.wav,172498_20201021_0330.wav,Leak
AllLeak\172498_20201021_0345.wav,172498_20201021_0345.wav,Leak
AllLeak\172498_20201021_0400.wav,172498_20201021_0400.wav,Leak
AllLeak\172498_20201021_0415.wav,172498_20201021_0415.wav,Leak
AllLeak\172498_20201022_0330.wav,172498_20201022_0330.wav,Leak
AllLeak\172498_20201022_0345.wav,172498_20201022_0345.wav,Leak
AllLeak\172498_20201022_0400.wav,172498_20201022_0400.wav,Leak
AllLeak\172498_20201022_0415.wav,172498_20201022_0415.wav,Leak
AllLeak\172498_20201028_0330.wav,172498_20201028_0330.wav,Leak
AllLeak\172498_20201028_0345.wav,172498_20201028_0345.wav,Leak
AllLeak\172498_20201028_0400.wav,172498_20201028_0400.wav,Leak
AllLeak\172498_20201028_0415.wav,172498_20201028_0415.wav,Leak
AllLeak\172498_20201029_0330.wav,172498_20201029_0330.wav,Leak
AllLeak\172498_20201029_0345.wav,172498_20201029_0345.wav,Leak
AllLeak\172498_20201029_0400.wav,172498_20201029_0400.wav,Leak
AllLeak\172498_20201029_0415.wav,172498_20201029_0415.wav,Leak
AllLeak\172498_20201030_0330.wav,172498_20201030_0330.wav,Leak
AllLeak\172498_20201030_0345.wav,172498_20201030_0345.wav,Leak
AllLeak\172498_20201030_0400.wav,172498_20201030_0400.wav,Leak
AllLeak\172498_20201030_0415.wav,172498_20201030_0415.wav,Leak
AllLeak\172498_20201031_0330.wav,172498_20201031_0330.wav,Leak
AllLeak\172498_20201031_0345.wav,172498_20201031_0345.wav,Leak
AllLeak\172498_20201031_0400.wav,172498_20201031_0400.wav,Leak
AllLeak\172498_20201031_0415.wav,172498_20201031_0415.wav,Leak
AllLeak\172498_20201101_0330.wav,172498_20201101_0330.wav,Leak
AllLeak\172498_20201101_0345.wav,172498_20201101_0345.wav,Leak
AllLeak\172498_20201101_0400.wav,172498_20201101_0400.wav,Leak
AllLeak\172498_20201101_0415.wav,172498_20201101_0415.wav,Leak
AllLeak\172498_20201102_0330.wav,172498_20201102_0330.wav,Leak
AllLeak\172498_20201102_0345.wav,172498_20201102_0345.wav,Leak
AllLeak\172498_20201102_0400.wav,172498_20201102_0400.wav,Leak
AllLeak\172498_20201102_0415.wav,172498_20201102_0415.wav,Leak
AllLeak\172498_20201103_0330.wav,172498_20201103_0330.wav,Leak
AllLeak\172498_20201103_0345.wav,172498_20201103_0345.wav,Leak
AllLeak\172498_20201103_0400.wav,172498_20201103_0400.wav,Leak
AllLeak\172498_20201103_0415.wav,172498_20201103_0415.wav,Leak
AllLeak\172498_20201203_0330.wav,172498_20201203_0330.wav,Leak
AllLeak\172498_20201203_0345.wav,172498_20201203_0345.wav,Leak
AllLeak\172498_20201203_0400.wav,172498_20201203_0400.wav,Leak
AllLeak\172498_20201203_0415.wav,172498_20201203_0415.wav,Leak
AllLeak\172498_20201204_0330.wav,172498_20201204_0330.wav,Leak
AllLeak\172498_20201204_0345.wav,172498_20201204_0345.wav,Leak
AllLeak\172498_20201204_0400.wav,172498_20201204_0400.wav,Leak
AllLeak\172498_20201204_0415.wav,172498_20201204_0415.wav,Leak
AllLeak\172498_20201205_0330.wav,172498_20201205_0330.wav,Leak
AllLeak\172498_20201205_0345.wav,172498_20201205_0345.wav,Leak
AllLeak\172498_20201205_0400.wav,172498_20201205_0400.wav,Leak
AllLeak\172498_20201205_0415.wav,172498_20201205_0415.wav,Leak
AllLeak\172498_20201206_0330.wav,172498_20201206_0330.wav,Leak
AllLeak\172498_20201206_0345.wav,172498_20201206_0345.wav,Leak
AllLeak\172498_20201206_0400.wav,172498_20201206_0400.wav,Leak
AllLeak\172498_20201206_0415.wav,172498_20201206_0415.wav,Leak
AllLeak\172498_20201207_0330.wav,172498_20201207_0330.wav,Leak
AllLeak\172498_20201207_0345.wav,172498_20201207_0345.wav,Leak
AllLeak\172498_20201207_0400.wav,172498_20201207_0400.wav,Leak
AllLeak\172498_20201207_0415.wav,172498_20201207_0415.wav,Leak
AllLeak\172498_20201224_0330.wav,172498_20201224_0330.wav,Leak
AllLeak\172498_20201224_0345.wav,172498_20201224_0345.wav,Leak
AllLeak\172498_20201224_0400.wav,172498_20201224_0400.wav,Leak
AllLeak\172498_20201224_0415.wav,172498_20201224_0415.wav,Leak
AllLeak\172498_20201225_0330.wav,172498_20201225_0330.wav,Leak
AllLeak\172498_20201225_0345.wav,172498_20201225_0345.wav,Leak
AllLeak\172498_20201225_0400.wav,172498_20201225_0400.wav,Leak
AllLeak\172498_20201225_0415.wav,172498_20201225_0415.wav,Leak
AllLeak\172498_20201226_0330.wav,172498_20201226_0330.wav,Leak
AllLeak\172498_20201226_0345.wav,172498_20201226_0345.wav,Leak
AllLeak\172498_20201226_0400.wav,172498_20201226_0400.wav,Leak
AllLeak\172498_20201226_0415.wav,172498_20201226_0415.wav,Leak
AllLeak\172498_20201227_0330.wav,172498_20201227_0330.wav,Leak
AllLeak\172498_20201227_0345.wav,172498_20201227_0345.wav,Leak
AllLeak\172498_20201227_0400.wav,172498_20201227_0400.wav,Leak
AllLeak\172498_20201227_0415.wav,172498_20201227_0415.wav,Leak
AllLeak\172498_20201228_0330.wav,172498_20201228_0330.wav,Leak
AllLeak\172498_20201228_0345.wav,172498_20201228_0345.wav,Leak
AllLeak\172498_20201228_0400.wav,172498_20201228_0400.wav,Leak
AllLeak\172498_20201228_0415.wav,172498_20201228_0415.wav,Leak
AllLeak\172498_20201231_0330.wav,172498_20201231_0330.wav,Leak
AllLeak\172498_20201231_0345.wav,172498_20201231_0345.wav,Leak
AllLeak\172498_20201231_0400.wav,172498_20201231_0400.wav,Leak
AllLeak\172498_20201231_0415.wav,172498_20201231_0415.wav,Leak
AllLeak\172498_20210101_0330.wav,172498_20210101_0330.wav,Leak
AllLeak\172498_20210101_0345.wav,172498_20210101_0345.wav,Leak
AllLeak\172498_20210101_0400.wav,172498_20210101_0400.wav,Leak
AllLeak\172498_20210101_0415.wav,172498_20210101_0415.wav,Leak
AllLeak\172498_20210102_0330.wav,172498_20210102_0330.wav,Leak
AllLeak\172498_20210102_0345.wav,172498_20210102_0345.wav,Leak
AllLeak\172498_20210102_0400.wav,172498_20210102_0400.wav,Leak
AllLeak\172498_20210102_0415.wav,172498_20210102_0415.wav,Leak
AllLeak\172498_20210103_0330.wav,172498_20210103_0330.wav,Leak
AllLeak\172498_20210103_0345.wav,172498_20210103_0345.wav,Leak
AllLeak\172498_20210103_0400.wav,172498_20210103_0400.wav,Leak
AllLeak\172498_20210103_0415.wav,172498_20210103_0415.wav,Leak
AllLeak\172498_20210104_0330.wav,172498_20210104_0330.wav,Leak
AllLeak\172498_20210104_0345.wav,172498_20210104_0345.wav,Leak
AllLeak\172498_20210104_0400.wav,172498_20210104_0400.wav,Leak
AllLeak\172498_20210104_0415.wav,172498_20210104_0415.wav,Leak
AllLeak\172499_20201015_0330.wav,172499_20201015_0330.wav,Leak
AllLeak\172499_20201015_0345.wav,172499_20201015_0345.wav,Leak
AllLeak\172499_20201015_0400.wav,172499_20201015_0400.wav,Leak
AllLeak\172499_20201015_0415.wav,172499_20201015_0415.wav,Leak
AllLeak\172499_20201016_0330.wav,172499_20201016_0330.wav,Leak
AllLeak\172499_20201016_0345.wav,172499_20201016_0345.wav,Leak
AllLeak\172499_20201016_0400.wav,172499_20201016_0400.wav,Leak
AllLeak\172499_20201016_0415.wav,172499_20201016_0415.wav,Leak
AllLeak\172499_20201018_0330.wav,172499_20201018_0330.wav,Leak
AllLeak\172499_20201018_0345.wav,172499_20201018_0345.wav,Leak
AllLeak\172499_20201018_0400.wav,172499_20201018_0400.wav,Leak
AllLeak\172499_20201018_0415.wav,172499_20201018_0415.wav,Leak
AllLeak\172499_20201019_0330.wav,172499_20201019_0330.wav,Leak
AllLeak\172499_20201019_0345.wav,172499_20201019_0345.wav,Leak
AllLeak\172499_20201019_0400.wav,172499_20201019_0400.wav,Leak
AllLeak\172499_20201019_0415.wav,172499_20201019_0415.wav,Leak
AllLeak\172499_20201020_1100.wav,172499_20201020_1100.wav,Leak
AllLeak\172499_20201020_1200.wav,172499_20201020_1200.wav,Leak
AllLeak\172499_20201020_1300.wav,172499_20201020_1300.wav,Leak
AllLeak\172499_20201020_1400.wav,172499_20201020_1400.wav,Leak
AllLeak\172499_20201021_1100.wav,172499_20201021_1100.wav,Leak
AllLeak\172499_20201021_1200.wav,172499_20201021_1200.wav,Leak
AllLeak\172499_20201021_1300.wav,172499_20201021_1300.wav,Leak
AllLeak\172499_20201021_1400.wav,172499_20201021_1400.wav,Leak
AllLeak\172499_20201022_1100.wav,172499_20201022_1100.wav,Leak
AllLeak\172499_20201022_1200.wav,172499_20201022_1200.wav,Leak
AllLeak\172499_20201022_1300.wav,172499_20201022_1300.wav,Leak
AllLeak\172499_20201022_1400.wav,172499_20201022_1400.wav,Leak
AllLeak\172499_20201023_1100.wav,172499_20201023_1100.wav,Leak
AllLeak\172499_20201023_1200.wav,172499_20201023_1200.wav,Leak
AllLeak\172499_20201023_1300.wav,172499_20201023_1300.wav,Leak
AllLeak\172499_20201023_1400.wav,172499_20201023_1400.wav,Leak
AllLeak\172499_20201118_0330.wav,172499_20201118_0330.wav,Leak
AllLeak\172499_20201118_0345.wav,172499_20201118_0345.wav,Leak
AllLeak\172499_20201118_0400.wav,172499_20201118_0400.wav,Leak
AllLeak\172499_20201118_0415.wav,172499_20201118_0415.wav,Leak
AllLeak\172499_20201119_0330.wav,172499_20201119_0330.wav,Leak
AllLeak\172499_20201119_0345.wav,172499_20201119_0345.wav,Leak
AllLeak\172499_20201119_0400.wav,172499_20201119_0400.wav,Leak
AllLeak\172499_20201119_0415.wav,172499_20201119_0415.wav,Leak
AllLeak\172499_20201120_0330.wav,172499_20201120_0330.wav,Leak
AllLeak\172499_20201120_0345.wav,172499_20201120_0345.wav,Leak
AllLeak\172499_20201120_0400.wav,172499_20201120_0400.wav,Leak
AllLeak\172499_20201120_0415.wav,172499_20201120_0415.wav,Leak
AllLeak\172499_20201121_0330.wav,172499_20201121_0330.wav,Leak
AllLeak\172499_20201121_0345.wav,172499_20201121_0345.wav,Leak
AllLeak\172499_20201121_0400.wav,172499_20201121_0400.wav,Leak
AllLeak\172499_20201121_0415.wav,172499_20201121_0415.wav,Leak
AllLeak\172499_20201122_0330.wav,172499_20201122_0330.wav,Leak
AllLeak\172499_20201122_0345.wav,172499_20201122_0345.wav,Leak
AllLeak\172499_20201122_0400.wav,172499_20201122_0400.wav,Leak
AllLeak\172499_20201122_0415.wav,172499_20201122_0415.wav,Leak
AllLeak\172500_20201015_0330.wav,172500_20201015_0330.wav,Leak
AllLeak\172500_20201015_0345.wav,172500_20201015_0345.wav,Leak
AllLeak\172500_20201015_0400.wav,172500_20201015_0400.wav,Leak
AllLeak\172500_20201015_0415.wav,172500_20201015_0415.wav,Leak
AllLeak\172500_20201016_0330.wav,172500_20201016_0330.wav,Leak
AllLeak\172500_20201016_0345.wav,172500_20201016_0345.wav,Leak
AllLeak\172500_20201016_0400.wav,172500_20201016_0400.wav,Leak
AllLeak\172500_20201016_0415.wav,172500_20201016_0415.wav,Leak
AllLeak\172500_20201018_0330.wav,172500_20201018_0330.wav,Leak
AllLeak\172500_20201018_0345.wav,172500_20201018_0345.wav,Leak
AllLeak\172500_20201018_0400.wav,172500_20201018_0400.wav,Leak
AllLeak\172500_20201018_0415.wav,172500_20201018_0415.wav,Leak
AllLeak\172500_20201019_0330.wav,172500_20201019_0330.wav,Leak
AllLeak\172500_20201019_0345.wav,172500_20201019_0345.wav,Leak
AllLeak\172500_20201019_0400.wav,172500_20201019_0400.wav,Leak
AllLeak\172500_20201019_0415.wav,172500_20201019_0415.wav,Leak
AllLeak\172500_20201020_1100.wav,172500_20201020_1100.wav,Leak
AllLeak\172500_20201020_1200.wav,172500_20201020_1200.wav,Leak
AllLeak\172500_20201020_1300.wav,172500_20201020_1300.wav,Leak
AllLeak\172500_20201020_1400.wav,172500_20201020_1400.wav,Leak
AllLeak\172500_20201021_1100.wav,172500_20201021_1100.wav,Leak
AllLeak\172500_20201021_1200.wav,172500_20201021_1200.wav,Leak
AllLeak\172500_20201021_1300.wav,172500_20201021_1300.wav,Leak
AllLeak\172500_20201021_1400.wav,172500_20201021_1400.wav,Leak
AllLeak\172500_20201022_1100.wav,172500_20201022_1100.wav,Leak
AllLeak\172500_20201022_1200.wav,172500_20201022_1200.wav,Leak
AllLeak\172500_20201022_1300.wav,172500_20201022_1300.wav,Leak
AllLeak\172500_20201022_1400.wav,172500_20201022_1400.wav,Leak
AllLeak\172500_20201023_1100.wav,172500_20201023_1100.wav,Leak
AllLeak\172500_20201023_1200.wav,172500_20201023_1200.wav,Leak
AllLeak\172500_20201023_1300.wav,172500_20201023_1300.wav,Leak
AllLeak\172500_20201023_1400.wav,172500_20201023_1400.wav,Leak
AllLeak\172500_20201112_0330.wav,172500_20201112_0330.wav,Leak
AllLeak\172500_20201112_0345.wav,172500_20201112_0345.wav,Leak
AllLeak\172500_20201112_0400.wav,172500_20201112_0400.wav,Leak
AllLeak\172500_20201112_0415.wav,172500_20201112_0415.wav,Leak
AllLeak\172500_20201113_0330.wav,172500_20201113_0330.wav,Leak
AllLeak\172500_20201113_0345.wav,172500_20201113_0345.wav,Leak
AllLeak\172500_20201113_0400.wav,172500_20201113_0400.wav,Leak
AllLeak\172500_20201113_0415.wav,172500_20201113_0415.wav,Leak
AllLeak\172500_20201114_0330.wav,172500_20201114_0330.wav,Leak
AllLeak\172500_20201114_0345.wav,172500_20201114_0345.wav,Leak
AllLeak\172500_20201114_0400.wav,172500_20201114_0400.wav,Leak
AllLeak\172500_20201114_0415.wav,172500_20201114_0415.wav,Leak
AllLeak\172500_20201115_0330.wav,172500_20201115_0330.wav,Leak
AllLeak\172500_20201115_0345.wav,172500_20201115_0345.wav,Leak
AllLeak\172500_20201115_0400.wav,172500_20201115_0400.wav,Leak
AllLeak\172500_20201115_0415.wav,172500_20201115_0415.wav,Leak
AllLeak\172500_20201116_0330.wav,172500_20201116_0330.wav,Leak
AllLeak\172500_20201116_0345.wav,172500_20201116_0345.wav,Leak
AllLeak\172500_20201116_0400.wav,172500_20201116_0400.wav,Leak
AllLeak\172500_20201116_0415.wav,172500_20201116_0415.wav,Leak
AllLeak\172500_20201121_0330.wav,172500_20201121_0330.wav,Leak
AllLeak\172500_20201121_0345.wav,172500_20201121_0345.wav,Leak
AllLeak\172500_20201121_0400.wav,172500_20201121_0400.wav,Leak
AllLeak\172500_20201121_0415.wav,172500_20201121_0415.wav,Leak
AllLeak\172500_20201122_0330.wav,172500_20201122_0330.wav,Leak
AllLeak\172500_20201122_0345.wav,172500_20201122_0345.wav,Leak
AllLeak\172500_20201122_0400.wav,172500_20201122_0400.wav,Leak
AllLeak\172500_20201122_0415.wav,172500_20201122_0415.wav,Leak
AllLeak\172500_20201123_0330.wav,172500_20201123_0330.wav,Leak
AllLeak\172500_20201123_0345.wav,172500_20201123_0345.wav,Leak
AllLeak\172500_20201123_0400.wav,172500_20201123_0400.wav,Leak
AllLeak\172500_20201123_0415.wav,172500_20201123_0415.wav,Leak
AllLeak\172500_20201124_0330.wav,172500_20201124_0330.wav,Leak
AllLeak\172500_20201124_0345.wav,172500_20201124_0345.wav,Leak
AllLeak\172500_20201124_0400.wav,172500_20201124_0400.wav,Leak
AllLeak\172500_20201124_0415.wav,172500_20201124_0415.wav,Leak
AllLeak\172500_20201128_0330.wav,172500_20201128_0330.wav,Leak
AllLeak\172500_20201128_0345.wav,172500_20201128_0345.wav,Leak
AllLeak\172500_20201128_0400.wav,172500_20201128_0400.wav,Leak
AllLeak\172500_20201128_0415.wav,172500_20201128_0415.wav,Leak
AllLeak\172500_20201129_0330.wav,172500_20201129_0330.wav,Leak
AllLeak\172500_20201129_0345.wav,172500_20201129_0345.wav,Leak
AllLeak\172500_20201129_0400.wav,172500_20201129_0400.wav,Leak
AllLeak\172500_20201129_0415.wav,172500_20201129_0415.wav,Leak
AllLeak\172500_20201130_0330.wav,172500_20201130_0330.wav,Leak
AllLeak\172500_20201130_0345.wav,172500_20201130_0345.wav,Leak
AllLeak\172500_20201130_0400.wav,172500_20201130_0400.wav,Leak
AllLeak\172500_20201130_0415.wav,172500_20201130_0415.wav,Leak
AllLeak\172500_20201201_0330.wav,172500_20201201_0330.wav,Leak
AllLeak\172500_20201201_0345.wav,172500_20201201_0345.wav,Leak
AllLeak\172500_20201201_0400.wav,172500_20201201_0400.wav,Leak
AllLeak\172500_20201201_0415.wav,172500_20201201_0415.wav,Leak
AllLeak\172500_20201202_0330.wav,172500_20201202_0330.wav,Leak
AllLeak\172500_20201202_0345.wav,172500_20201202_0345.wav,Leak
AllLeak\172500_20201202_0400.wav,172500_20201202_0400.wav,Leak
AllLeak\172500_20201202_0415.wav,172500_20201202_0415.wav,Leak
AllLeak\172501_20201114_0330.wav,172501_20201114_0330.wav,Leak
AllLeak\172501_20201114_0345.wav,172501_20201114_0345.wav,Leak
AllLeak\172501_20201114_0400.wav,172501_20201114_0400.wav,Leak
AllLeak\172501_20201114_0415.wav,172501_20201114_0415.wav,Leak
AllLeak\172501_20201115_0330.wav,172501_20201115_0330.wav,Leak
AllLeak\172501_20201115_0345.wav,172501_20201115_0345.wav,Leak
AllLeak\172501_20201115_0400.wav,172501_20201115_0400.wav,Leak
AllLeak\172501_20201115_0415.wav,172501_20201115_0415.wav,Leak
AllLeak\172501_20201116_0330.wav,172501_20201116_0330.wav,Leak
AllLeak\172501_20201116_0345.wav,172501_20201116_0345.wav,Leak
AllLeak\172501_20201116_0400.wav,172501_20201116_0400.wav,Leak
AllLeak\172501_20201116_0415.wav,172501_20201116_0415.wav,Leak
AllLeak\172501_20201117_0330.wav,172501_20201117_0330.wav,Leak
AllLeak\172501_20201117_0345.wav,172501_20201117_0345.wav,Leak
AllLeak\172501_20201117_0400.wav,172501_20201117_0400.wav,Leak
AllLeak\172501_20201117_0415.wav,172501_20201117_0415.wav,Leak
AllLeak\172501_20201121_0330.wav,172501_20201121_0330.wav,Leak
AllLeak\172501_20201121_0345.wav,172501_20201121_0345.wav,Leak
AllLeak\172501_20201121_0400.wav,172501_20201121_0400.wav,Leak
AllLeak\172501_20201121_0415.wav,172501_20201121_0415.wav,Leak
AllLeak\172501_20201122_0330.wav,172501_20201122_0330.wav,Leak
AllLeak\172501_20201122_0345.wav,172501_20201122_0345.wav,Leak
AllLeak\172501_20201122_0400.wav,172501_20201122_0400.wav,Leak
AllLeak\172501_20201122_0415.wav,172501_20201122_0415.wav,Leak
AllLeak\172501_20201123_0330.wav,172501_20201123_0330.wav,Leak
AllLeak\172501_20201123_0345.wav,172501_20201123_0345.wav,Leak
AllLeak\172501_20201123_0400.wav,172501_20201123_0400.wav,Leak
AllLeak\172501_20201123_0415.wav,172501_20201123_0415.wav,Leak
AllLeak\172501_20201124_0330.wav,172501_20201124_0330.wav,Leak
AllLeak\172501_20201124_0345.wav,172501_20201124_0345.wav,Leak
AllLeak\172501_20201124_0400.wav,172501_20201124_0400.wav,Leak
AllLeak\172501_20201124_0415.wav,172501_20201124_0415.wav,Leak
AllLeak\172502_20201015_0330.wav,172502_20201015_0330.wav,Leak
AllLeak\172502_20201015_0345.wav,172502_20201015_0345.wav,Leak
AllLeak\172502_20201015_0400.wav,172502_20201015_0400.wav,Leak
AllLeak\172502_20201015_0415.wav,172502_20201015_0415.wav,Leak
AllLeak\172502_20201016_0330.wav,172502_20201016_0330.wav,Leak
AllLeak\172502_20201016_0345.wav,172502_20201016_0345.wav,Leak
AllLeak\172502_20201016_0400.wav,172502_20201016_0400.wav,Leak
AllLeak\172502_20201016_0415.wav,172502_20201016_0415.wav,Leak
AllLeak\172502_20201018_0330.wav,172502_20201018_0330.wav,Leak
AllLeak\172502_20201018_0345.wav,172502_20201018_0345.wav,Leak
AllLeak\172502_20201018_0400.wav,172502_20201018_0400.wav,Leak
AllLeak\172502_20201018_0415.wav,172502_20201018_0415.wav,Leak
AllLeak\172502_20201019_0330.wav,172502_20201019_0330.wav,Leak
AllLeak\172502_20201019_0345.wav,172502_20201019_0345.wav,Leak
AllLeak\172502_20201019_0400.wav,172502_20201019_0400.wav,Leak
AllLeak\172502_20201019_0415.wav,172502_20201019_0415.wav,Leak
AllLeak\172502_20201020_1100.wav,172502_20201020_1100.wav,Leak
AllLeak\172502_20201020_1200.wav,172502_20201020_1200.wav,Leak
AllLeak\172502_20201020_1300.wav,172502_20201020_1300.wav,Leak
AllLeak\172502_20201020_1400.wav,172502_20201020_1400.wav,Leak
AllLeak\172502_20201021_1100.wav,172502_20201021_1100.wav,Leak
AllLeak\172502_20201021_1200.wav,172502_20201021_1200.wav,Leak
AllLeak\172502_20201021_1300.wav,172502_20201021_1300.wav,Leak
AllLeak\172502_20201021_1400.wav,172502_20201021_1400.wav,Leak
AllLeak\172502_20201022_1100.wav,172502_20201022_1100.wav,Leak
AllLeak\172502_20201022_1200.wav,172502_20201022_1200.wav,Leak
AllLeak\172502_20201022_1300.wav,172502_20201022_1300.wav,Leak
AllLeak\172502_20201022_1400.wav,172502_20201022_1400.wav,Leak
AllLeak\172502_20201023_1100.wav,172502_20201023_1100.wav,Leak
AllLeak\172502_20201023_1200.wav,172502_20201023_1200.wav,Leak
AllLeak\172502_20201023_1300.wav,172502_20201023_1300.wav,Leak
AllLeak\172502_20201023_1400.wav,172502_20201023_1400.wav,Leak
AllLeak\172502_20201114_0330.wav,172502_20201114_0330.wav,Leak
AllLeak\172502_20201114_0345.wav,172502_20201114_0345.wav,Leak
AllLeak\172502_20201114_0400.wav,172502_20201114_0400.wav,Leak
AllLeak\172502_20201114_0415.wav,172502_20201114_0415.wav,Leak
AllLeak\172502_20201115_0330.wav,172502_20201115_0330.wav,Leak
AllLeak\172502_20201115_0345.wav,172502_20201115_0345.wav,Leak
AllLeak\172502_20201115_0400.wav,172502_20201115_0400.wav,Leak
AllLeak\172502_20201115_0415.wav,172502_20201115_0415.wav,Leak
AllLeak\172502_20201116_0330.wav,172502_20201116_0330.wav,Leak
AllLeak\172502_20201116_0345.wav,172502_20201116_0345.wav,Leak
AllLeak\172502_20201116_0400.wav,172502_20201116_0400.wav,Leak
AllLeak\172502_20201116_0415.wav,172502_20201116_0415.wav,Leak
AllLeak\172502_20201117_0330.wav,172502_20201117_0330.wav,Leak
AllLeak\172502_20201117_0345.wav,172502_20201117_0345.wav,Leak
AllLeak\172502_20201117_0400.wav,172502_20201117_0400.wav,Leak
AllLeak\172502_20201117_0415.wav,172502_20201117_0415.wav,Leak
AllLeak\172502_20201118_0330.wav,172502_20201118_0330.wav,Leak
AllLeak\172502_20201118_0345.wav,172502_20201118_0345.wav,Leak
AllLeak\172502_20201118_0400.wav,172502_20201118_0400.wav,Leak
AllLeak\172502_20201118_0415.wav,172502_20201118_0415.wav,Leak
AllLeak\172502_20201119_0330.wav,172502_20201119_0330.wav,Leak
AllLeak\172502_20201119_0345.wav,172502_20201119_0345.wav,Leak
AllLeak\172502_20201119_0400.wav,172502_20201119_0400.wav,Leak
AllLeak\172502_20201119_0415.wav,172502_20201119_0415.wav,Leak
AllLeak\172502_20201120_0330.wav,172502_20201120_0330.wav,Leak
AllLeak\172502_20201120_0345.wav,172502_20201120_0345.wav,Leak
AllLeak\172502_20201120_0400.wav,172502_20201120_0400.wav,Leak
AllLeak\172502_20201120_0415.wav,172502_20201120_0415.wav,Leak
AllLeak\172502_20201121_0330.wav,172502_20201121_0330.wav,Leak
AllLeak\172502_20201121_0345.wav,172502_20201121_0345.wav,Leak
AllLeak\172502_20201121_0400.wav,172502_20201121_0400.wav,Leak
AllLeak\172502_20201121_0415.wav,172502_20201121_0415.wav,Leak
AllLeak\172502_20201122_0330.wav,172502_20201122_0330.wav,Leak
AllLeak\172502_20201122_0345.wav,172502_20201122_0345.wav,Leak
AllLeak\172502_20201122_0400.wav,172502_20201122_0400.wav,Leak
AllLeak\172502_20201122_0415.wav,172502_20201122_0415.wav,Leak
AllLeak\172504_20201020_0330.wav,172504_20201020_0330.wav,Leak
AllLeak\172504_20201020_0345.wav,172504_20201020_0345.wav,Leak
AllLeak\172504_20201020_0400.wav,172504_20201020_0400.wav,Leak
AllLeak\172504_20201020_0415.wav,172504_20201020_0415.wav,Leak
AllLeak\172504_20201021_0330.wav,172504_20201021_0330.wav,Leak
AllLeak\172504_20201021_0345.wav,172504_20201021_0345.wav,Leak
AllLeak\172504_20201021_0400.wav,172504_20201021_0400.wav,Leak
AllLeak\172504_20201021_0415.wav,172504_20201021_0415.wav,Leak
AllLeak\172504_20201022_0330.wav,172504_20201022_0330.wav,Leak
AllLeak\172504_20201022_0345.wav,172504_20201022_0345.wav,Leak
AllLeak\172504_20201022_0400.wav,172504_20201022_0400.wav,Leak
AllLeak\172504_20201022_0415.wav,172504_20201022_0415.wav,Leak
AllLeak\172504_20201023_0330.wav,172504_20201023_0330.wav,Leak
AllLeak\172504_20201023_0345.wav,172504_20201023_0345.wav,Leak
AllLeak\172504_20201023_0400.wav,172504_20201023_0400.wav,Leak
AllLeak\172504_20201023_0415.wav,172504_20201023_0415.wav,Leak
AllLeak\172504_20201024_0330.wav,172504_20201024_0330.wav,Leak
AllLeak\172504_20201024_0345.wav,172504_20201024_0345.wav,Leak
AllLeak\172504_20201024_0400.wav,172504_20201024_0400.wav,Leak
AllLeak\172504_20201024_0415.wav,172504_20201024_0415.wav,Leak
AllLeak\172504_20201025_0330.wav,172504_20201025_0330.wav,Leak
AllLeak\172504_20201025_0345.wav,172504_20201025_0345.wav,Leak
AllLeak\172504_20201025_0400.wav,172504_20201025_0400.wav,Leak
AllLeak\172504_20201025_0415.wav,172504_20201025_0415.wav,Leak
AllLeak\172504_20201121_0330.wav,172504_20201121_0330.wav,Leak
AllLeak\172504_20201121_0345.wav,172504_20201121_0345.wav,Leak
AllLeak\172504_20201121_0400.wav,172504_20201121_0400.wav,Leak
AllLeak\172504_20201121_0415.wav,172504_20201121_0415.wav,Leak
AllLeak\172504_20201122_0330.wav,172504_20201122_0330.wav,Leak
AllLeak\172504_20201122_0345.wav,172504_20201122_0345.wav,Leak
AllLeak\172504_20201122_0400.wav,172504_20201122_0400.wav,Leak
AllLeak\172504_20201122_0415.wav,172504_20201122_0415.wav,Leak
AllLeak\172504_20201123_0330.wav,172504_20201123_0330.wav,Leak
AllLeak\172504_20201123_0345.wav,172504_20201123_0345.wav,Leak
AllLeak\172504_20201123_0400.wav,172504_20201123_0400.wav,Leak
AllLeak\172504_20201123_0415.wav,172504_20201123_0415.wav,Leak
AllLeak\172504_20201124_0330.wav,172504_20201124_0330.wav,Leak
AllLeak\172504_20201124_0345.wav,172504_20201124_0345.wav,Leak
AllLeak\172504_20201124_0400.wav,172504_20201124_0400.wav,Leak
AllLeak\172504_20201124_0415.wav,172504_20201124_0415.wav,Leak
AllLeak\172505_20201020_0330.wav,172505_20201020_0330.wav,Leak
AllLeak\172505_20201020_0345.wav,172505_20201020_0345.wav,Leak
AllLeak\172505_20201020_0415.wav,172505_20201020_0415.wav,Leak
AllLeak\172505_20201020_0440.wav,172505_20201020_0440.wav,Leak
AllLeak\172505_20201021_0330.wav,172505_20201021_0330.wav,Leak
AllLeak\172505_20201021_0345.wav,172505_20201021_0345.wav,Leak
AllLeak\172505_20201021_0400.wav,172505_20201021_0400.wav,Leak
AllLeak\172505_20201021_0415.wav,172505_20201021_0415.wav,Leak
AllLeak\172505_20201022_0330.wav,172505_20201022_0330.wav,Leak
AllLeak\172505_20201022_0345.wav,172505_20201022_0345.wav,Leak
AllLeak\172505_20201022_0400.wav,172505_20201022_0400.wav,Leak
AllLeak\172505_20201022_0415.wav,172505_20201022_0415.wav,Leak
AllLeak\172505_20201023_0330.wav,172505_20201023_0330.wav,Leak
AllLeak\172505_20201023_0345.wav,172505_20201023_0345.wav,Leak
AllLeak\172505_20201023_0400.wav,172505_20201023_0400.wav,Leak
AllLeak\172505_20201023_0415.wav,172505_20201023_0415.wav,Leak
AllLeak\172505_20201024_0345.wav,172505_20201024_0345.wav,Leak
AllLeak\172505_20201024_0400.wav,172505_20201024_0400.wav,Leak
AllLeak\172505_20201024_0415.wav,172505_20201024_0415.wav,Leak
AllLeak\172505_20201025_0330.wav,172505_20201025_0330.wav,Leak
AllLeak\172505_20201025_0345.wav,172505_20201025_0345.wav,Leak
AllLeak\172505_20201025_0400.wav,172505_20201025_0400.wav,Leak
AllLeak\172505_20201025_0415.wav,172505_20201025_0415.wav,Leak
AllLeak\172505_20201029_0330.wav,172505_20201029_0330.wav,Leak
AllLeak\172505_20201029_0345.wav,172505_20201029_0345.wav,Leak
AllLeak\172505_20201029_0400.wav,172505_20201029_0400.wav,Leak
AllLeak\172505_20201029_0415.wav,172505_20201029_0415.wav,Leak
AllLeak\172505_20201030_0330.wav,172505_20201030_0330.wav,Leak
AllLeak\172505_20201030_0345.wav,172505_20201030_0345.wav,Leak
AllLeak\172505_20201030_0400.wav,172505_20201030_0400.wav,Leak
AllLeak\172505_20201030_0415.wav,172505_20201030_0415.wav,Leak
AllLeak\172505_20201031_0330.wav,172505_20201031_0330.wav,Leak
AllLeak\172505_20201031_0345.wav,172505_20201031_0345.wav,Leak
AllLeak\172505_20201031_0400.wav,172505_20201031_0400.wav,Leak
AllLeak\172505_20201031_0415.wav,172505_20201031_0415.wav,Leak
AllLeak\172505_20201112_0330.wav,172505_20201112_0330.wav,Leak
AllLeak\172505_20201112_0345.wav,172505_20201112_0345.wav,Leak
AllLeak\172505_20201112_0400.wav,172505_20201112_0400.wav,Leak
AllLeak\172505_20201112_0415.wav,172505_20201112_0415.wav,Leak
AllLeak\172505_20201113_0330.wav,172505_20201113_0330.wav,Leak
AllLeak\172505_20201113_0345.wav,172505_20201113_0345.wav,Leak
AllLeak\172505_20201113_0400.wav,172505_20201113_0400.wav,Leak
AllLeak\172505_20201113_0415.wav,172505_20201113_0415.wav,Leak
AllLeak\172505_20201114_0330.wav,172505_20201114_0330.wav,Leak
AllLeak\172505_20201114_0345.wav,172505_20201114_0345.wav,Leak
AllLeak\172505_20201114_0400.wav,172505_20201114_0400.wav,Leak
AllLeak\172505_20201114_0415.wav,172505_20201114_0415.wav,Leak
AllLeak\172505_20201115_0330.wav,172505_20201115_0330.wav,Leak
AllLeak\172505_20201115_0345.wav,172505_20201115_0345.wav,Leak
AllLeak\172505_20201115_0400.wav,172505_20201115_0400.wav,Leak
AllLeak\172505_20201115_0415.wav,172505_20201115_0415.wav,Leak
AllLeak\172505_20201116_0330.wav,172505_20201116_0330.wav,Leak
AllLeak\172505_20201116_0345.wav,172505_20201116_0345.wav,Leak
AllLeak\172505_20201116_0400.wav,172505_20201116_0400.wav,Leak
AllLeak\172505_20201116_0415.wav,172505_20201116_0415.wav,Leak
AllNoLeak\172496_20210112_0330.wav,172496_20210112_0330.wav,NoLeak
AllNoLeak\172496_20210112_0345.wav,172496_20210112_0345.wav,NoLeak
AllNoLeak\172496_20210112_0400.wav,172496_20210112_0400.wav,NoLeak
AllNoLeak\172496_20210112_0415.wav,172496_20210112_0415.wav,NoLeak
AllNoLeak\172496_20210113_0330.wav,172496_20210113_0330.wav,NoLeak
AllNoLeak\172496_20210113_0345.wav,172496_20210113_0345.wav,NoLeak
AllNoLeak\172496_20210113_0400.wav,172496_20210113_0400.wav,NoLeak
AllNoLeak\172496_20210113_0415.wav,172496_20210113_0415.wav,NoLeak
AllNoLeak\172496_20210114_0330.wav,172496_20210114_0330.wav,NoLeak
AllNoLeak\172496_20210114_0345.wav,172496_20210114_0345.wav,NoLeak
AllNoLeak\172496_20210114_0400.wav,172496_20210114_0400.wav,NoLeak
AllNoLeak\172496_20210114_0415.wav,172496_20210114_0415.wav,NoLeak
AllNoLeak\172496_20210115_0330.wav,172496_20210115_0330.wav,NoLeak
AllNoLeak\172496_20210115_0345.wav,172496_20210115_0345.wav,NoLeak
AllNoLeak\172496_20210115_0400.wav,172496_20210115_0400.wav,NoLeak
AllNoLeak\172496_20210115_0415.wav,172496_20210115_0415.wav,NoLeak
AllNoLeak\172496_20210203_0200.wav,172496_20210203_0200.wav,NoLeak
AllNoLeak\172496_20210203_0230.wav,172496_20210203_0230.wav,NoLeak
AllNoLeak\172496_20210203_0300.wav,172496_20210203_0300.wav,NoLeak
AllNoLeak\172496_20210203_0330.wav,172496_20210203_0330.wav,NoLeak
AllNoLeak\172496_20210203_0400.wav,172496_20210203_0400.wav,NoLeak
AllNoLeak\172496_20210204_0200.wav,172496_20210204_0200.wav,NoLeak
AllNoLeak\172496_20210204_0230.wav,172496_20210204_0230.wav,NoLeak
AllNoLeak\172496_20210204_0300.wav,172496_20210204_0300.wav,NoLeak
AllNoLeak\172496_20210204_0330.wav,172496_20210204_0330.wav,NoLeak
AllNoLeak\172496_20210204_0400.wav,172496_20210204_0400.wav,NoLeak
AllNoLeak\172496_20210205_0200.wav,172496_20210205_0200.wav,NoLeak
AllNoLeak\172496_20210205_0230.wav,172496_20210205_0230.wav,NoLeak
AllNoLeak\172496_20210205_0300.wav,172496_20210205_0300.wav,NoLeak
AllNoLeak\172496_20210205_0330.wav,172496_20210205_0330.wav,NoLeak
AllNoLeak\172496_20210205_0400.wav,172496_20210205_0400.wav,NoLeak
AllNoLeak\172497_20201010_0430.wav,172497_20201010_0430.wav,NoLeak
AllNoLeak\172497_20201010_0445.wav,172497_20201010_0445.wav,NoLeak
AllNoLeak\172497_20201010_0500.wav,172497_20201010_0500.wav,NoLeak
AllNoLeak\172497_20201011_0430.wav,172497_20201011_0430.wav,NoLeak
AllNoLeak\172497_20201011_0445.wav,172497_20201011_0445.wav,NoLeak
AllNoLeak\172497_20201011_0500.wav,172497_20201011_0500.wav,NoLeak
AllNoLeak\172497_20201012_0430.wav,172497_20201012_0430.wav,NoLeak
AllNoLeak\172497_20201012_0445.wav,172497_20201012_0445.wav,NoLeak
AllNoLeak\172497_20201012_0500.wav,172497_20201012_0500.wav,NoLeak
AllNoLeak\172497_20201013_0300.wav,172497_20201013_0300.wav,NoLeak
AllNoLeak\172497_20201013_0310.wav,172497_20201013_0310.wav,NoLeak
AllNoLeak\172497_20201013_0320.wav,172497_20201013_0320.wav,NoLeak
AllNoLeak\172497_20201013_0330.wav,172497_20201013_0330.wav,NoLeak
AllNoLeak\172497_20201013_0340.wav,172497_20201013_0340.wav,NoLeak
AllNoLeak\172497_20201013_0350.wav,172497_20201013_0350.wav,NoLeak
AllNoLeak\172497_20201013_0400.wav,172497_20201013_0400.wav,NoLeak
AllNoLeak\172497_20201014_0300.wav,172497_20201014_0300.wav,NoLeak
AllNoLeak\172497_20201014_0310.wav,172497_20201014_0310.wav,NoLeak
AllNoLeak\172497_20201014_0320.wav,172497_20201014_0320.wav,NoLeak
AllNoLeak\172497_20201014_0330.wav,172497_20201014_0330.wav,NoLeak
AllNoLeak\172497_20201014_0340.wav,172497_20201014_0340.wav,NoLeak
AllNoLeak\172497_20201014_0350.wav,172497_20201014_0350.wav,NoLeak
AllNoLeak\172497_20201014_0400.wav,172497_20201014_0400.wav,NoLeak
AllNoLeak\172498_20201010_0430.wav,172498_20201010_0430.wav,NoLeak
AllNoLeak\172498_20201010_0445.wav,172498_20201010_0445.wav,NoLeak
AllNoLeak\172498_20201010_0500.wav,172498_20201010_0500.wav,NoLeak
AllNoLeak\172498_20201011_0430.wav,172498_20201011_0430.wav,NoLeak
AllNoLeak\172498_20201011_0445.wav,172498_20201011_0445.wav,NoLeak
AllNoLeak\172498_20201011_0500.wav,172498_20201011_0500.wav,NoLeak
AllNoLeak\172498_20201012_0430.wav,172498_20201012_0430.wav,NoLeak
AllNoLeak\172498_20201012_0445.wav,172498_20201012_0445.wav,NoLeak
AllNoLeak\172498_20201012_0500.wav,172498_20201012_0500.wav,NoLeak
AllNoLeak\172498_20201014_0300.wav,172498_20201014_0300.wav,NoLeak
AllNoLeak\172498_20201014_0310.wav,172498_20201014_0310.wav,NoLeak
AllNoLeak\172498_20201014_0320.wav,172498_20201014_0320.wav,NoLeak
AllNoLeak\172498_20201014_0330.wav,172498_20201014_0330.wav,NoLeak
AllNoLeak\172498_20201014_0340.wav,172498_20201014_0340.wav,NoLeak
AllNoLeak\172498_20201014_0350.wav,172498_20201014_0350.wav,NoLeak
AllNoLeak\172498_20201014_0400.wav,172498_20201014_0400.wav,NoLeak
AllNoLeak\172498_20210218_0330.wav,172498_20210218_0330.wav,NoLeak
AllNoLeak\172498_20210218_0345.wav,172498_20210218_0345.wav,NoLeak
AllNoLeak\172498_20210218_0400.wav,172498_20210218_0400.wav,NoLeak
AllNoLeak\172498_20210218_0415.wav,172498_20210218_0415.wav,NoLeak
AllNoLeak\172498_20210219_0330.wav,172498_20210219_0330.wav,NoLeak
AllNoLeak\172498_20210219_0345.wav,172498_20210219_0345.wav,NoLeak
AllNoLeak\172498_20210219_0400.wav,172498_20210219_0400.wav,NoLeak
AllNoLeak\172498_20210219_0415.wav,172498_20210219_0415.wav,NoLeak
AllNoLeak\172498_20210220_0330.wav,172498_20210220_0330.wav,NoLeak
AllNoLeak\172498_20210220_0345.wav,172498_20210220_0345.wav,NoLeak
AllNoLeak\172498_20210220_0400.wav,172498_20210220_0400.wav,NoLeak
AllNoLeak\172498_20210220_0415.wav,172498_20210220_0415.wav,NoLeak
AllNoLeak\172498_20210224_0330.wav,172498_20210224_0330.wav,NoLeak
AllNoLeak\172498_20210224_0345.wav,172498_20210224_0345.wav,NoLeak
AllNoLeak\172498_20210224_0400.wav,172498_20210224_0400.wav,NoLeak
AllNoLeak\172498_20210224_0415.wav,172498_20210224_0415.wav,NoLeak
AllNoLeak\172498_20210225_0330.wav,172498_20210225_0330.wav,NoLeak
AllNoLeak\172498_20210225_0345.wav,172498_20210225_0345.wav,NoLeak
AllNoLeak\172498_20210225_0400.wav,172498_20210225_0400.wav,NoLeak
AllNoLeak\172498_20210225_0415.wav,172498_20210225_0415.wav,NoLeak
AllNoLeak\172498_20210226_0330.wav,172498_20210226_0330.wav,NoLeak
AllNoLeak\172498_20210226_0345.wav,172498_20210226_0345.wav,NoLeak
AllNoLeak\172498_20210226_0400.wav,172498_20210226_0400.wav,NoLeak
AllNoLeak\172498_20210226_0415.wav,172498_20210226_0415.wav,NoLeak
AllNoLeak\172499_20201010_0430.wav,172499_20201010_0430.wav,NoLeak
AllNoLeak\172499_20201010_0445.wav,172499_20201010_0445.wav,NoLeak
AllNoLeak\172499_20201010_0500.wav,172499_20201010_0500.wav,NoLeak
AllNoLeak\172499_20201011_0430.wav,172499_20201011_0430.wav,NoLeak
AllNoLeak\172499_20201011_0445.wav,172499_20201011_0445.wav,NoLeak
AllNoLeak\172499_20201011_0500.wav,172499_20201011_0500.wav,NoLeak
AllNoLeak\172499_20201012_0430.wav,172499_20201012_0430.wav,NoLeak
AllNoLeak\172499_20201014_0300.wav,172499_20201014_0300.wav,NoLeak
AllNoLeak\172499_20201014_0310.wav,172499_20201014_0310.wav,NoLeak
AllNoLeak\172499_20201014_0320.wav,172499_20201014_0320.wav,NoLeak
AllNoLeak\172499_20201014_0330.wav,172499_20201014_0330.wav,NoLeak
AllNoLeak\172499_20201014_0340.wav,172499_20201014_0340.wav,NoLeak
AllNoLeak\172499_20201014_0350.wav,172499_20201014_0350.wav,NoLeak
AllNoLeak\172499_20201014_0400.wav,172499_20201014_0400.wav,NoLeak
AllNoLeak\172499_20201024_0330.wav,172499_20201024_0330.wav,NoLeak
AllNoLeak\172499_20201024_0345.wav,172499_20201024_0345.wav,NoLeak
AllNoLeak\172499_20201024_0400.wav,172499_20201024_0400.wav,NoLeak
AllNoLeak\172499_20201024_0415.wav,172499_20201024_0415.wav,NoLeak
AllNoLeak\172499_20201025_0330.wav,172499_20201025_0330.wav,NoLeak
AllNoLeak\172499_20201025_0345.wav,172499_20201025_0345.wav,NoLeak
AllNoLeak\172499_20201025_0400.wav,172499_20201025_0400.wav,NoLeak
AllNoLeak\172499_20201025_0415.wav,172499_20201025_0415.wav,NoLeak
AllNoLeak\172499_20201027_0330.wav,172499_20201027_0330.wav,NoLeak
AllNoLeak\172499_20201027_0345.wav,172499_20201027_0345.wav,NoLeak
AllNoLeak\172499_20201027_0400.wav,172499_20201027_0400.wav,NoLeak
AllNoLeak\172499_20201027_0415.wav,172499_20201027_0415.wav,NoLeak
AllNoLeak\172499_20201106_0330.wav,172499_20201106_0330.wav,NoLeak
AllNoLeak\172499_20201106_0345.wav,172499_20201106_0345.wav,NoLeak
AllNoLeak\172499_20201106_0400.wav,172499_20201106_0400.wav,NoLeak
AllNoLeak\172499_20201106_0415.wav,172499_20201106_0415.wav,NoLeak
AllNoLeak\172499_20201107_0330.wav,172499_20201107_0330.wav,NoLeak
AllNoLeak\172499_20201107_0345.wav,172499_20201107_0345.wav,NoLeak
AllNoLeak\172499_20201107_0400.wav,172499_20201107_0400.wav,NoLeak
AllNoLeak\172499_20201107_0415.wav,172499_20201107_0415.wav,NoLeak
AllNoLeak\172499_20201109_1000.wav,172499_20201109_1000.wav,NoLeak
AllNoLeak\172499_20201109_1100.wav,172499_20201109_1100.wav,NoLeak
AllNoLeak\172499_20201109_1200.wav,172499_20201109_1200.wav,NoLeak
AllNoLeak\172499_20201109_1300.wav,172499_20201109_1300.wav,NoLeak
AllNoLeak\172499_20201110_1000.wav,172499_20201110_1000.wav,NoLeak
AllNoLeak\172499_20201110_1100.wav,172499_20201110_1100.wav,NoLeak
AllNoLeak\172499_20201110_1200.wav,172499_20201110_1200.wav,NoLeak
AllNoLeak\172499_20201110_1300.wav,172499_20201110_1300.wav,NoLeak
AllNoLeak\172499_20201114_0330.wav,172499_20201114_0330.wav,NoLeak
AllNoLeak\172499_20201114_0345.wav,172499_20201114_0345.wav,NoLeak
AllNoLeak\172499_20201114_0400.wav,172499_20201114_0400.wav,NoLeak
AllNoLeak\172499_20201114_0415.wav,172499_20201114_0415.wav,NoLeak
AllNoLeak\172499_20201115_0330.wav,172499_20201115_0330.wav,NoLeak
AllNoLeak\172499_20201115_0345.wav,172499_20201115_0345.wav,NoLeak
AllNoLeak\172499_20201115_0400.wav,172499_20201115_0400.wav,NoLeak
AllNoLeak\172499_20201115_0415.wav,172499_20201115_0415.wav,NoLeak
AllNoLeak\172499_20201116_0330.wav,172499_20201116_0330.wav,NoLeak
AllNoLeak\172499_20201116_0345.wav,172499_20201116_0345.wav,NoLeak
AllNoLeak\172499_20201116_0400.wav,172499_20201116_0400.wav,NoLeak
AllNoLeak\172499_20201116_0415.wav,172499_20201116_0415.wav,NoLeak
AllNoLeak\172499_20201117_0330.wav,172499_20201117_0330.wav,NoLeak
AllNoLeak\172499_20201117_0345.wav,172499_20201117_0345.wav,NoLeak
AllNoLeak\172499_20201117_0400.wav,172499_20201117_0400.wav,NoLeak
AllNoLeak\172499_20201117_0415.wav,172499_20201117_0415.wav,NoLeak
AllNoLeak\172500_20201010_0430.wav,172500_20201010_0430.wav,NoLeak
AllNoLeak\172500_20201010_0445.wav,172500_20201010_0445.wav,NoLeak
AllNoLeak\172500_20201010_0500.wav,172500_20201010_0500.wav,NoLeak
AllNoLeak\172500_20201011_0430.wav,172500_20201011_0430.wav,NoLeak
AllNoLeak\172500_20201011_0445.wav,172500_20201011_0445.wav,NoLeak
AllNoLeak\172500_20201011_0500.wav,172500_20201011_0500.wav,NoLeak
AllNoLeak\172500_20201014_0300.wav,172500_20201014_0300.wav,NoLeak
AllNoLeak\172500_20201014_0310.wav,172500_20201014_0310.wav,NoLeak
AllNoLeak\172500_20201014_0320.wav,172500_20201014_0320.wav,NoLeak
AllNoLeak\172500_20201014_0330.wav,172500_20201014_0330.wav,NoLeak
AllNoLeak\172500_20201014_0340.wav,172500_20201014_0340.wav,NoLeak
AllNoLeak\172500_20201014_0350.wav,172500_20201014_0350.wav,NoLeak
AllNoLeak\172500_20201014_0400.wav,172500_20201014_0400.wav,NoLeak
AllNoLeak\172500_20201024_0330.wav,172500_20201024_0330.wav,NoLeak
AllNoLeak\172500_20201024_0345.wav,172500_20201024_0345.wav,NoLeak
AllNoLeak\172500_20201024_0400.wav,172500_20201024_0400.wav,NoLeak
AllNoLeak\172500_20201024_0415.wav,172500_20201024_0415.wav,NoLeak
AllNoLeak\172500_20201025_0330.wav,172500_20201025_0330.wav,NoLeak
AllNoLeak\172500_20201025_0345.wav,172500_20201025_0345.wav,NoLeak
AllNoLeak\172500_20201025_0400.wav,172500_20201025_0400.wav,NoLeak
AllNoLeak\172500_20201025_0415.wav,172500_20201025_0415.wav,NoLeak
AllNoLeak\172500_20201027_0330.wav,172500_20201027_0330.wav,NoLeak
AllNoLeak\172500_20201027_0345.wav,172500_20201027_0345.wav,NoLeak
AllNoLeak\172500_20201027_0400.wav,172500_20201027_0400.wav,NoLeak
AllNoLeak\172500_20201027_0415.wav,172500_20201027_0415.wav,NoLeak
AllNoLeak\172500_20210218_0330.wav,172500_20210218_0330.wav,NoLeak
AllNoLeak\172500_20210218_0345.wav,172500_20210218_0345.wav,NoLeak
AllNoLeak\172500_20210218_0400.wav,172500_20210218_0400.wav,NoLeak
AllNoLeak\172500_20210218_0415.wav,172500_20210218_0415.wav,NoLeak
AllNoLeak\172500_20210219_0330.wav,172500_20210219_0330.wav,NoLeak
AllNoLeak\172500_20210219_0345.wav,172500_20210219_0345.wav,NoLeak
AllNoLeak\172500_20210219_0400.wav,172500_20210219_0400.wav,NoLeak
AllNoLeak\172500_20210219_0415.wav,172500_20210219_0415.wav,NoLeak
AllNoLeak\172500_20210220_0330.wav,172500_20210220_0330.wav,NoLeak
AllNoLeak\172500_20210220_0345.wav,172500_20210220_0345.wav,NoLeak
AllNoLeak\172500_20210220_0400.wav,172500_20210220_0400.wav,NoLeak
AllNoLeak\172500_20210220_0415.wav,172500_20210220_0415.wav,NoLeak
AllNoLeak\172501_20201106_0330.wav,172501_20201106_0330.wav,NoLeak
AllNoLeak\172501_20201106_0345.wav,172501_20201106_0345.wav,NoLeak
AllNoLeak\172501_20201106_0400.wav,172501_20201106_0400.wav,NoLeak
AllNoLeak\172501_20201106_0415.wav,172501_20201106_0415.wav,NoLeak
AllNoLeak\172501_20201107_0330.wav,172501_20201107_0330.wav,NoLeak
AllNoLeak\172501_20201107_0345.wav,172501_20201107_0345.wav,NoLeak
AllNoLeak\172501_20201107_0400.wav,172501_20201107_0400.wav,NoLeak
AllNoLeak\172501_20201107_0415.wav,172501_20201107_0415.wav,NoLeak
AllNoLeak\172501_20201109_1000.wav,172501_20201109_1000.wav,NoLeak
AllNoLeak\172501_20201109_1100.wav,172501_20201109_1100.wav,NoLeak
AllNoLeak\172501_20201109_1200.wav,172501_20201109_1200.wav,NoLeak
AllNoLeak\172501_20201109_1300.wav,172501_20201109_1300.wav,NoLeak
AllNoLeak\172501_20201110_1000.wav,172501_20201110_1000.wav,NoLeak
AllNoLeak\172501_20201110_1100.wav,172501_20201110_1100.wav,NoLeak
AllNoLeak\172501_20201110_1200.wav,172501_20201110_1200.wav,NoLeak
AllNoLeak\172501_20201110_1300.wav,172501_20201110_1300.wav,NoLeak
AllNoLeak\172501_20201210_0330.wav,172501_20201210_0330.wav,NoLeak
AllNoLeak\172501_20201210_0345.wav,172501_20201210_0345.wav,NoLeak
AllNoLeak\172501_20201210_0400.wav,172501_20201210_0400.wav,NoLeak
AllNoLeak\172501_20201210_0415.wav,172501_20201210_0415.wav,NoLeak
AllNoLeak\172501_20201211_0330.wav,172501_20201211_0330.wav,NoLeak
AllNoLeak\172501_20201211_0345.wav,172501_20201211_0345.wav,NoLeak
AllNoLeak\172501_20201211_0400.wav,172501_20201211_0400.wav,NoLeak
AllNoLeak\172501_20201211_0415.wav,172501_20201211_0415.wav,NoLeak
AllNoLeak\172501_20201212_0330.wav,172501_20201212_0330.wav,NoLeak
AllNoLeak\172501_20201212_0345.wav,172501_20201212_0345.wav,NoLeak
AllNoLeak\172501_20201212_0400.wav,172501_20201212_0400.wav,NoLeak
AllNoLeak\172501_20201212_0415.wav,172501_20201212_0415.wav,NoLeak
AllNoLeak\172501_20201213_0330.wav,172501_20201213_0330.wav,NoLeak
AllNoLeak\172501_20201213_0345.wav,172501_20201213_0345.wav,NoLeak
AllNoLeak\172501_20201213_0400.wav,172501_20201213_0400.wav,NoLeak
AllNoLeak\172501_20201213_0415.wav,172501_20201213_0415.wav,NoLeak
AllNoLeak\172501_20201214_0330.wav,172501_20201214_0330.wav,NoLeak
AllNoLeak\172501_20201214_0345.wav,172501_20201214_0345.wav,NoLeak
AllNoLeak\172501_20201214_0400.wav,172501_20201214_0400.wav,NoLeak
AllNoLeak\172501_20201214_0415.wav,172501_20201214_0415.wav,NoLeak
AllNoLeak\172502_20201010_0430.wav,172502_20201010_0430.wav,NoLeak
AllNoLeak\172502_20201010_0445.wav,172502_20201010_0445.wav,NoLeak
AllNoLeak\172502_20201010_0500.wav,172502_20201010_0500.wav,NoLeak
AllNoLeak\172502_20201011_0430.wav,172502_20201011_0430.wav,NoLeak
AllNoLeak\172502_20201011_0445.wav,172502_20201011_0445.wav,NoLeak
AllNoLeak\172502_20201011_0500.wav,172502_20201011_0500.wav,NoLeak
AllNoLeak\172502_20201012_0430.wav,172502_20201012_0430.wav,NoLeak
AllNoLeak\172502_20201012_0445.wav,172502_20201012_0445.wav,NoLeak
AllNoLeak\172502_20201012_0500.wav,172502_20201012_0500.wav,NoLeak
AllNoLeak\172502_20201013_0300.wav,172502_20201013_0300.wav,NoLeak
AllNoLeak\172502_20201013_0310.wav,172502_20201013_0310.wav,NoLeak
AllNoLeak\172502_20201013_0320.wav,172502_20201013_0320.wav,NoLeak
AllNoLeak\172502_20201013_0330.wav,172502_20201013_0330.wav,NoLeak
AllNoLeak\172502_20201013_0340.wav,172502_20201013_0340.wav,NoLeak
AllNoLeak\172502_20201013_0350.wav,172502_20201013_0350.wav,NoLeak
AllNoLeak\172502_20201013_0400.wav,172502_20201013_0400.wav,NoLeak
AllNoLeak\172502_20201014_0300.wav,172502_20201014_0300.wav,NoLeak
AllNoLeak\172502_20201014_0310.wav,172502_20201014_0310.wav,NoLeak
AllNoLeak\172502_20201014_0320.wav,172502_20201014_0320.wav,NoLeak
AllNoLeak\172502_20201014_0330.wav,172502_20201014_0330.wav,NoLeak
AllNoLeak\172502_20201014_0340.wav,172502_20201014_0340.wav,NoLeak
AllNoLeak\172502_20201014_0350.wav,172502_20201014_0350.wav,NoLeak
AllNoLeak\172502_20201014_0400.wav,172502_20201014_0400.wav,NoLeak
AllNoLeak\172502_20201024_0330.wav,172502_20201024_0330.wav,NoLeak
AllNoLeak\172502_20201024_0345.wav,172502_20201024_0345.wav,NoLeak
AllNoLeak\172502_20201024_0400.wav,172502_20201024_0400.wav,NoLeak
AllNoLeak\172502_20201024_0415.wav,172502_20201024_0415.wav,NoLeak
AllNoLeak\172502_20201025_0330.wav,172502_20201025_0330.wav,NoLeak
AllNoLeak\172502_20201025_0345.wav,172502_20201025_0345.wav,NoLeak
AllNoLeak\172502_20201025_0400.wav,172502_20201025_0400.wav,NoLeak
AllNoLeak\172502_20201025_0415.wav,172502_20201025_0415.wav,NoLeak
AllNoLeak\172502_20201027_0330.wav,172502_20201027_0330.wav,NoLeak
AllNoLeak\172502_20201027_0345.wav,172502_20201027_0345.wav,NoLeak
AllNoLeak\172502_20201027_0400.wav,172502_20201027_0400.wav,NoLeak
AllNoLeak\172502_20201027_0415.wav,172502_20201027_0415.wav,NoLeak
AllNoLeak\172502_20201106_0330.wav,172502_20201106_0330.wav,NoLeak
AllNoLeak\172502_20201106_0345.wav,172502_20201106_0345.wav,NoLeak
AllNoLeak\172502_20201106_0400.wav,172502_20201106_0400.wav,NoLeak
AllNoLeak\172502_20201106_0415.wav,172502_20201106_0415.wav,NoLeak
AllNoLeak\172502_20201107_0330.wav,172502_20201107_0330.wav,NoLeak
AllNoLeak\172502_20201107_0345.wav,172502_20201107_0345.wav,NoLeak
AllNoLeak\172502_20201107_0400.wav,172502_20201107_0400.wav,NoLeak
AllNoLeak\172502_20201107_0415.wav,172502_20201107_0415.wav,NoLeak
AllNoLeak\172502_20201109_1000.wav,172502_20201109_1000.wav,NoLeak
AllNoLeak\172502_20201109_1100.wav,172502_20201109_1100.wav,NoLeak
AllNoLeak\172502_20201109_1200.wav,172502_20201109_1200.wav,NoLeak
AllNoLeak\172502_20201109_1300.wav,172502_20201109_1300.wav,NoLeak
AllNoLeak\172502_20201110_1000.wav,172502_20201110_1000.wav,NoLeak
AllNoLeak\172502_20201110_1100.wav,172502_20201110_1100.wav,NoLeak
AllNoLeak\172502_20201110_1200.wav,172502_20201110_1200.wav,NoLeak
AllNoLeak\172502_20201110_1300.wav,172502_20201110_1300.wav,NoLeak
AllNoLeak\172503_20201106_0330.wav,172503_20201106_0330.wav,NoLeak
AllNoLeak\172503_20201106_0345.wav,172503_20201106_0345.wav,NoLeak
AllNoLeak\172503_20201106_0400.wav,172503_20201106_0400.wav,NoLeak
AllNoLeak\172503_20201106_0415.wav,172503_20201106_0415.wav,NoLeak
AllNoLeak\172503_20201107_0330.wav,172503_20201107_0330.wav,NoLeak
AllNoLeak\172503_20201107_0345.wav,172503_20201107_0345.wav,NoLeak
AllNoLeak\172503_20201107_0400.wav,172503_20201107_0400.wav,NoLeak
AllNoLeak\172503_20201107_0415.wav,172503_20201107_0415.wav,NoLeak
AllNoLeak\172503_20201109_1000.wav,172503_20201109_1000.wav,NoLeak
AllNoLeak\172503_20201109_1100.wav,172503_20201109_1100.wav,NoLeak
AllNoLeak\172503_20201109_1200.wav,172503_20201109_1200.wav,NoLeak
AllNoLeak\172503_20201109_1300.wav,172503_20201109_1300.wav,NoLeak
AllNoLeak\172503_20201110_1000.wav,172503_20201110_1000.wav,NoLeak
AllNoLeak\172503_20201110_1100.wav,172503_20201110_1100.wav,NoLeak
AllNoLeak\172503_20201110_1200.wav,172503_20201110_1200.wav,NoLeak
AllNoLeak\172503_20201110_1300.wav,172503_20201110_1300.wav,NoLeak
AllNoLeak\172503_20201210_0330.wav,172503_20201210_0330.wav,NoLeak
AllNoLeak\172503_20201210_0345.wav,172503_20201210_0345.wav,NoLeak
AllNoLeak\172503_20201210_0400.wav,172503_20201210_0400.wav,NoLeak
AllNoLeak\172503_20201210_0415.wav,172503_20201210_0415.wav,NoLeak
AllNoLeak\172503_20201211_0330.wav,172503_20201211_0330.wav,NoLeak
AllNoLeak\172503_20201211_0345.wav,172503_20201211_0345.wav,NoLeak
AllNoLeak\172503_20201211_0400.wav,172503_20201211_0400.wav,NoLeak
AllNoLeak\172503_20201211_0415.wav,172503_20201211_0415.wav,NoLeak
AllNoLeak\172503_20201212_0330.wav,172503_20201212_0330.wav,NoLeak
AllNoLeak\172503_20201212_0345.wav,172503_20201212_0345.wav,NoLeak
AllNoLeak\172503_20201212_0400.wav,172503_20201212_0400.wav,NoLeak
AllNoLeak\172503_20201212_0415.wav,172503_20201212_0415.wav,NoLeak
AllNoLeak\172503_20201213_0330.wav,172503_20201213_0330.wav,NoLeak
AllNoLeak\172503_20201213_0345.wav,172503_20201213_0345.wav,NoLeak
AllNoLeak\172503_20201213_0400.wav,172503_20201213_0400.wav,NoLeak
AllNoLeak\172503_20201213_0415.wav,172503_20201213_0415.wav,NoLeak
AllNoLeak\172503_20201214_0330.wav,172503_20201214_0330.wav,NoLeak
AllNoLeak\172503_20201214_0345.wav,172503_20201214_0345.wav,NoLeak
AllNoLeak\172503_20201214_0400.wav,172503_20201214_0400.wav,NoLeak
AllNoLeak\172503_20201214_0415.wav,172503_20201214_0415.wav,NoLeak
AllNoLeak\172504_20201010_043000.wav,172504_20201010_043000.wav,NoLeak
AllNoLeak\172504_20201010_044500.wav,172504_20201010_044500.wav,NoLeak
AllNoLeak\172504_20201010_050000.wav,172504_20201010_050000.wav,NoLeak
AllNoLeak\172504_20201011_043000.wav,172504_20201011_043000.wav,NoLeak
AllNoLeak\172504_20201011_044500.wav,172504_20201011_044500.wav,NoLeak
AllNoLeak\172504_20201011_050000.wav,172504_20201011_050000.wav,NoLeak
AllNoLeak\172504_20201012_0430.wav,172504_20201012_0430.wav,NoLeak
AllNoLeak\172504_20201012_0445.wav,172504_20201012_0445.wav,NoLeak
AllNoLeak\172504_20201012_0500.wav,172504_20201012_0500.wav,NoLeak
AllNoLeak\172504_20201013_0300.wav,172504_20201013_0300.wav,NoLeak
AllNoLeak\172504_20201013_0310.wav,172504_20201013_0310.wav,NoLeak
AllNoLeak\172504_20201013_0320.wav,172504_20201013_0320.wav,NoLeak
AllNoLeak\172504_20201013_0330.wav,172504_20201013_0330.wav,NoLeak
AllNoLeak\172504_20201013_0340.wav,172504_20201013_0340.wav,NoLeak
AllNoLeak\172504_20201013_0350.wav,172504_20201013_0350.wav,NoLeak
AllNoLeak\172504_20201013_0400.wav,172504_20201013_0400.wav,NoLeak
AllNoLeak\172504_20201014_0300.wav,172504_20201014_0300.wav,NoLeak
AllNoLeak\172504_20201014_0310.wav,172504_20201014_0310.wav,NoLeak
AllNoLeak\172504_20201014_0320.wav,172504_20201014_0320.wav,NoLeak
AllNoLeak\172504_20201014_0330.wav,172504_20201014_0330.wav,NoLeak
AllNoLeak\172504_20201014_0340.wav,172504_20201014_0340.wav,NoLeak
AllNoLeak\172504_20201014_0350.wav,172504_20201014_0350.wav,NoLeak
AllNoLeak\172504_20201014_0400.wav,172504_20201014_0400.wav,NoLeak
AllNoLeak\172504_20201114_0330.wav,172504_20201114_0330.wav,NoLeak
AllNoLeak\172504_20201114_0345.wav,172504_20201114_0345.wav,NoLeak
AllNoLeak\172504_20201114_0400.wav,172504_20201114_0400.wav,NoLeak
AllNoLeak\172504_20201114_0415.wav,172504_20201114_0415.wav,NoLeak
AllNoLeak\172504_20201115_0330.wav,172504_20201115_0330.wav,NoLeak
AllNoLeak\172504_20201115_0345.wav,172504_20201115_0345.wav,NoLeak
AllNoLeak\172504_20201115_0400.wav,172504_20201115_0400.wav,NoLeak
AllNoLeak\172504_20201115_0415.wav,172504_20201115_0415.wav,NoLeak
AllNoLeak\172504_20201116_0330.wav,172504_20201116_0330.wav,NoLeak
AllNoLeak\172504_20201116_0345.wav,172504_20201116_0345.wav,NoLeak
AllNoLeak\172504_20201116_0400.wav,172504_20201116_0400.wav,NoLeak
AllNoLeak\172504_20201116_0415.wav,172504_20201116_0415.wav,NoLeak
AllNoLeak\172504_20201117_0330.wav,172504_20201117_0330.wav,NoLeak
AllNoLeak\172504_20201117_0345.wav,172504_20201117_0345.wav,NoLeak
AllNoLeak\172504_20201117_0400.wav,172504_20201117_0400.wav,NoLeak
AllNoLeak\172504_20201117_0415.wav,172504_20201117_0415.wav,NoLeak
AllNoLeak\172504_20210203_0200.wav,172504_20210203_0200.wav,NoLeak
AllNoLeak\172504_20210203_0230.wav,172504_20210203_0230.wav,NoLeak
AllNoLeak\172504_20210203_0300.wav,172504_20210203_0300.wav,NoLeak
AllNoLeak\172504_20210203_0330.wav,172504_20210203_0330.wav,NoLeak
AllNoLeak\172504_20210203_0400.wav,172504_20210203_0400.wav,NoLeak
AllNoLeak\172504_20210204_0200.wav,172504_20210204_0200.wav,NoLeak
AllNoLeak\172504_20210204_0230.wav,172504_20210204_0230.wav,NoLeak
AllNoLeak\172504_20210204_0300.wav,172504_20210204_0300.wav,NoLeak
AllNoLeak\172504_20210204_0330.wav,172504_20210204_0330.wav,NoLeak
AllNoLeak\172504_20210204_0400.wav,172504_20210204_0400.wav,NoLeak
AllNoLeak\172504_20210205_0200.wav,172504_20210205_0200.wav,NoLeak
AllNoLeak\172504_20210205_0230.wav,172504_20210205_0230.wav,NoLeak
AllNoLeak\172504_20210205_0300.wav,172504_20210205_0300.wav,NoLeak
AllNoLeak\172504_20210205_0330.wav,172504_20210205_0330.wav,NoLeak
AllNoLeak\172504_20210205_0400.wav,172504_20210205_0400.wav,NoLeak
AllNoLeak\172505_20201121_0330.wav,172505_20201121_0330.wav,NoLeak
AllNoLeak\172505_20201121_0345.wav,172505_20201121_0345.wav,NoLeak
AllNoLeak\172505_20201121_0400.wav,172505_20201121_0400.wav,NoLeak
AllNoLeak\172505_20201121_0415.wav,172505_20201121_0415.wav,NoLeak
AllNoLeak\172505_20201122_0330.wav,172505_20201122_0330.wav,NoLeak
AllNoLeak\172505_20201122_0345.wav,172505_20201122_0345.wav,NoLeak
AllNoLeak\172505_20201122_0400.wav,172505_20201122_0400.wav,NoLeak
AllNoLeak\172505_20201122_0415.wav,172505_20201122_0415.wav,NoLeak
AllNoLeak\172505_20201123_0330.wav,172505_20201123_0330.wav,NoLeak
AllNoLeak\172505_20201123_0345.wav,172505_20201123_0345.wav,NoLeak
AllNoLeak\172505_20201123_0400.wav,172505_20201123_0400.wav,NoLeak
AllNoLeak\172505_20201123_0415.wav,172505_20201123_0415.wav,NoLeak
AllNoLeak\172505_20201124_0330.wav,172505_20201124_0330.wav,NoLeak
AllNoLeak\172505_20201124_0345.wav,172505_20201124_0345.wav,NoLeak
AllNoLeak\172505_20201124_0400.wav,172505_20201124_0400.wav,NoLeak
AllNoLeak\172505_20201124_0415.wav,172505_20201124_0415.wav,NoLeak
AllNoLeak\172505_20201125_0330.wav,172505_20201125_0330.wav,NoLeak
AllNoLeak\172505_20201125_0345.wav,172505_20201125_0345.wav,NoLeak
AllNoLeak\172505_20201125_0400.wav,172505_20201125_0400.wav,NoLeak
AllNoLeak\172505_20201125_0415.wav,172505_20201125_0415.wav,NoLeak
AllNoLeak\172506_20201010_043000.wav,172506_20201010_043000.wav,NoLeak
AllNoLeak\172506_20201010_044500.wav,172506_20201010_044500.wav,NoLeak
AllNoLeak\172506_20201010_050000.wav,172506_20201010_050000.wav,NoLeak
AllNoLeak\172506_20201011_043000.wav,172506_20201011_043000.wav,NoLeak
AllNoLeak\172506_20201011_044500.wav,172506_20201011_044500.wav,NoLeak
AllNoLeak\172506_20201011_050000.wav,172506_20201011_050000.wav,NoLeak
AllNoLeak\172506_20201012_0430.wav,172506_20201012_0430.wav,NoLeak
AllNoLeak\172506_20201012_0445.wav,172506_20201012_0445.wav,NoLeak
AllNoLeak\172506_20201012_0500.wav,172506_20201012_0500.wav,NoLeak
AllNoLeak\172506_20201013_0300.wav,172506_20201013_0300.wav,NoLeak
AllNoLeak\172506_20201013_0310.wav,172506_20201013_0310.wav,NoLeak
AllNoLeak\172506_20201013_0320.wav,172506_20201013_0320.wav,NoLeak
AllNoLeak\172506_20201013_0330.wav,172506_20201013_0330.wav,NoLeak
AllNoLeak\172506_20201013_0340.wav,172506_20201013_0340.wav,NoLeak
AllNoLeak\172506_20201013_0350.wav,172506_20201013_0350.wav,NoLeak
AllNoLeak\172506_20201013_0400.wav,172506_20201013_0400.wav,NoLeak
AllNoLeak\172506_20201014_0300.wav,172506_20201014_0300.wav,NoLeak
AllNoLeak\172506_20201014_0310.wav,172506_20201014_0310.wav,NoLeak
AllNoLeak\172506_20201014_0320.wav,172506_20201014_0320.wav,NoLeak
AllNoLeak\172506_20201014_0330.wav,172506_20201014_0330.wav,NoLeak
AllNoLeak\172506_20201014_0340.wav,172506_20201014_0340.wav,NoLeak
AllNoLeak\172506_20201014_0350.wav,172506_20201014_0350.wav,NoLeak
AllNoLeak\172506_20201014_0400.wav,172506_20201014_0400.wav,NoLeak
AllNoLeak\172506_20201112_0330.wav,172506_20201112_0330.wav,NoLeak
AllNoLeak\172506_20201112_0345.wav,172506_20201112_0345.wav,NoLeak
AllNoLeak\172506_20201112_0400.wav,172506_20201112_0400.wav,NoLeak
AllNoLeak\172506_20201112_0415.wav,172506_20201112_0415.wav,NoLeak
AllNoLeak\172506_20201113_0330.wav,172506_20201113_0330.wav,NoLeak
AllNoLeak\172506_20201113_0345.wav,172506_20201113_0345.wav,NoLeak
AllNoLeak\172506_20201113_0400.wav,172506_20201113_0400.wav,NoLeak
AllNoLeak\172506_20201113_0415.wav,172506_20201113_0415.wav,NoLeak
AllNoLeak\172506_20201114_0330.wav,172506_20201114_0330.wav,NoLeak
AllNoLeak\172506_20201114_0345.wav,172506_20201114_0345.wav,NoLeak
AllNoLeak\172506_20201114_0400.wav,172506_20201114_0400.wav,NoLeak
AllNoLeak\172506_20201114_0415.wav,172506_20201114_0415.wav,NoLeak
AllNoLeak\172506_20201115_0330.wav,172506_20201115_0330.wav,NoLeak
AllNoLeak\172506_20201115_0345.wav,172506_20201115_0345.wav,NoLeak
AllNoLeak\172506_20201115_0400.wav,172506_20201115_0400.wav,NoLeak
AllNoLeak\172506_20201115_0415.wav,172506_20201115_0415.wav,NoLeak
AllNoLeak\172506_20201116_0330.wav,172506_20201116_0330.wav,NoLeak
AllNoLeak\172506_20201116_0345.wav,172506_20201116_0345.wav,NoLeak
AllNoLeak\172506_20201116_0400.wav,172506_20201116_0400.wav,NoLeak
AllNoLeak\172506_20201116_0415.wav,172506_20201116_0415.wav,NoLeak
AllNoLeak\172506_20201121_0330.wav,172506_20201121_0330.wav,NoLeak
AllNoLeak\172506_20201121_0345.wav,172506_20201121_0345.wav,NoLeak
AllNoLeak\172506_20201121_0400.wav,172506_20201121_0400.wav,NoLeak
AllNoLeak\172506_20201121_0415.wav,172506_20201121_0415.wav,NoLeak
AllNoLeak\172506_20201122_0330.wav,172506_20201122_0330.wav,NoLeak
AllNoLeak\172506_20201122_0345.wav,172506_20201122_0345.wav,NoLeak
AllNoLeak\172506_20201122_0400.wav,172506_20201122_0400.wav,NoLeak
AllNoLeak\172506_20201122_0415.wav,172506_20201122_0415.wav,NoLeak
AllNoLeak\172506_20201123_0330.wav,172506_20201123_0330.wav,NoLeak
AllNoLeak\172506_20201123_0345.wav,172506_20201123_0345.wav,NoLeak
AllNoLeak\172506_20201123_0400.wav,172506_20201123_0400.wav,NoLeak
AllNoLeak\172506_20201123_0415.wav,172506_20201123_0415.wav,NoLeak
AllNoLeak\172506_20201124_0330.wav,172506_20201124_0330.wav,NoLeak
AllNoLeak\172506_20201124_0345.wav,172506_20201124_0345.wav,NoLeak
AllNoLeak\172506_20201124_0400.wav,172506_20201124_0400.wav,NoLeak
AllNoLeak\172506_20201124_0415.wav,172506_20201124_0415.wav,NoLeak
AllNoLeak\172506_20201125_0330.wav,172506_20201125_0330.wav,NoLeak
AllNoLeak\172506_20201125_0345.wav,172506_20201125_0345.wav,NoLeak
AllNoLeak\172506_20201125_0400.wav,172506_20201125_0400.wav,NoLeak
AllNoLeak\172506_20201125_0415.wav,172506_20201125_0415.wav,NoLeak
